Transaction_ID,Amount,Merchant_Category,Device_Type,State,Bank,Hour,Is_Night,Fraud_Score,Is_Fraud,Status,Indicators
TXN00000580,2045,Retail,iPhone 14,West Bengal,Axis Bank,23,1,0.134,0,CLEARED,""
TXN00000065,4958,E-commerce,Google Pixel 7,Rajasthan,Union Bank,23,1,0.034,0,CLEARED,""
TXN00000013,1061,Healthcare,iPhone 14,Telangana,Union Bank,18,0,0.028,0,CLEARED,""
TXN00000143,2370,Utility Bills,Google Pixel 7,Telangana,Axis Bank,12,0,0.314,0,CLEARED,""
TXN00000044,2873,Retail,Google Pixel 7,West Bengal,Bank of Baroda,3,1,0.144,0,CLEARED,""
TXN00000153,645,Healthcare,OnePlus 11,Tamil Nadu,Kotak Mahindra,6,0,0.244,0,CLEARED,""
TXN00000302,3416,Education,Google Pixel 7,Delhi,HDFC Bank,4,1,0.068,0,CLEARED,""
TXN00000115,4476,Food & Dining,Samsung Galaxy S23,Tamil Nadu,Bank of Baroda,12,0,0.075,0,CLEARED,""
TXN00000218,3657,Food & Dining,Vivo V27,Maharashtra,Union Bank,18,0,0.334,0,CLEARED,""
TXN00000066,4500,Travel,Vivo V27,Karnataka,Punjab National Bank,9,0,0.296,0,CLEARED,""
TXN00000001,5476,Healthcare,Vivo V27,Telangana,HDFC Bank,5,1,0.186,0,CLEARED,""
TXN00000454,2182,Food & Dining,OnePlus 11,Maharashtra,Bank of Baroda,9,0,0.133,0,CLEARED,""
TXN00000394,4455,E-commerce,Google Pixel 7,Tamil Nadu,Axis Bank,12,0,0.131,0,CLEARED,""
TXN00000385,5753,Travel,Oppo Reno 10,Karnataka,HDFC Bank,3,1,0.172,0,CLEARED,""
TXN00000056,8891,Utility Bills,Redmi Note 12,Rajasthan,Bank of Baroda,13,0,0.136,0,CLEARED,""
TXN00000036,4482,Education,OnePlus 11,Tamil Nadu,Kotak Mahindra,15,0,0.024,0,CLEARED,""
TXN00000409,86,Education,Oppo Reno 10,Karnataka,Union Bank,12,0,0.286,0,CLEARED,""
TXN00000366,1808,Retail,Google Pixel 7,Gujarat,Kotak Mahindra,20,0,0.242,0,CLEARED,""
TXN00000397,4820,Healthcare,iPhone 14,West Bengal,Bank of Baroda,21,0,0.286,0,CLEARED,""
TXN00000337,3245,Entertainment,OnePlus 11,Kerala,Kotak Mahindra,2,1,0.108,0,CLEARED,""
TXN00000169,2341,Healthcare,Oppo Reno 10,Tamil Nadu,Punjab National Bank,21,0,0.085,0,CLEARED,""
TXN00000380,1531,Healthcare,Vivo V27,Kerala,Punjab National Bank,3,1,0.119,0,CLEARED,""
TXN00000373,3651,Entertainment,iPhone 14,Tamil Nadu,ICICI Bank,6,0,0.064,0,CLEARED,""
TXN00000319,2035,Utility Bills,Vivo V27,Kerala,Axis Bank,15,0,0.196,0,CLEARED,""
TXN00000217,2684,Entertainment,Vivo V27,Tamil Nadu,ICICI Bank,14,0,0.093,0,CLEARED,""
TXN00000170,91,Education,Oppo Reno 10,Maharashtra,Union Bank,7,0,0.239,0,CLEARED,""
TXN00000242,5227,Food & Dining,Redmi Note 12,Kerala,Axis Bank,22,1,0.269,0,CLEARED,""
TXN00000027,5908,Healthcare,Oppo Reno 10,Karnataka,HDFC Bank,7,0,0.305,0,CLEARED,""
TXN00000284,9555,E-commerce,Vivo V27,Gujarat,Bank of Baroda,1,1,0.14,0,CLEARED,""
TXN00000089,2309,Food & Dining,OnePlus 11,Rajasthan,Kotak Mahindra,10,0,0.242,0,CLEARED,""
TXN00000230,1795,Travel,Vivo V27,Rajasthan,Punjab National Bank,23,1,0.184,0,CLEARED,""
TXN00000338,1027,Education,iPhone 14,Maharashtra,Bank of Baroda,5,1,0.277,0,CLEARED,""
TXN00000276,2041,Healthcare,OnePlus 11,Karnataka,Bank of Baroda,5,1,0.269,0,CLEARED,""
TXN00000402,4253,E-commerce,Vivo V27,Delhi,Union Bank,5,1,0.157,0,CLEARED,""
TXN00000379,3642,Education,OnePlus 11,Gujarat,Bank of Baroda,9,0,0.13,0,CLEARED,""
TXN00000369,4227,Utility Bills,Vivo V27,Karnataka,SBI,2,1,0.127,0,CLEARED,""
TXN00000375,3377,Utility Bills,iPhone 14,Rajasthan,Union Bank,8,0,0.23,0,CLEARED,""
TXN00000134,1792,E-commerce,Google Pixel 7,West Bengal,HDFC Bank,6,0,0.142,0,CLEARED,""
TXN00000074,2541,Travel,Oppo Reno 10,West Bengal,HDFC Bank,1,1,0.115,0,CLEARED,""
TXN00000386,373,Education,Vivo V27,Maharashtra,Axis Bank,3,1,0.236,0,CLEARED,""
TXN00000023,8555,Travel,Oppo Reno 10,Delhi,Kotak Mahindra,2,1,0.037,0,CLEARED,""
TXN00000354,7016,Utility Bills,iPhone 14,Uttar Pradesh,Punjab National Bank,16,0,0.173,0,CLEARED,""
TXN00000383,2978,Entertainment,iPhone 14,Kerala,Union Bank,19,0,0.172,0,CLEARED,""
TXN00000420,1634,Entertainment,OnePlus 11,Karnataka,SBI,0,1,0.087,0,CLEARED,""
TXN00000389,5151,E-commerce,Vivo V27,West Bengal,Axis Bank,9,0,0.014,0,CLEARED,""
TXN00000287,100,E-commerce,iPhone 14,West Bengal,Union Bank,19,0,0.229,0,CLEARED,""
TXN00000392,5068,Gas Station,Vivo V27,Uttar Pradesh,Kotak Mahindra,11,0,0.318,0,CLEARED,""
TXN00000101,2611,Food & Dining,Google Pixel 7,Maharashtra,HDFC Bank,2,1,0.328,0,CLEARED,""
TXN00000391,2358,Gas Station,OnePlus 11,Telangana,Axis Bank,23,1,0.055,0,CLEARED,""
TXN00000482,2177,E-commerce,iPhone 14,Tamil Nadu,Punjab National Bank,12,0,0.251,0,CLEARED,""
TXN00000470,1784,Healthcare,OnePlus 11,Delhi,Union Bank,3,1,0.089,0,CLEARED,""
TXN00000263,3260,Healthcare,iPhone 14,West Bengal,Axis Bank,10,0,0.188,0,CLEARED,""
TXN00000295,1337,Education,Google Pixel 7,Rajasthan,HDFC Bank,11,0,0.313,0,CLEARED,""
TXN00000372,7066,Entertainment,OnePlus 11,Karnataka,SBI,16,0,0.28,0,CLEARED,""
TXN00000200,3038,Travel,iPhone 14,Telangana,ICICI Bank,2,1,0.263,0,CLEARED,""
TXN00000050,6393,Food & Dining,Oppo Reno 10,Rajasthan,Bank of Baroda,14,0,0.282,0,CLEARED,""
TXN00000378,5199,Gas Station,OnePlus 11,Uttar Pradesh,Bank of Baroda,14,0,0.121,0,CLEARED,""
TXN00000558,4736,Healthcare,Oppo Reno 10,West Bengal,Punjab National Bank,13,0,0.082,0,CLEARED,""
TXN00000588,3184,Food & Dining,Google Pixel 7,Telangana,Punjab National Bank,8,0,0.11,0,CLEARED,""
TXN00000211,3614,Healthcare,OnePlus 11,Rajasthan,Axis Bank,14,0,0.194,0,CLEARED,""
TXN00000518,3165,Retail,Samsung Galaxy S23,West Bengal,Union Bank,22,1,0.053,0,CLEARED,""
TXN00000487,4271,Food & Dining,Redmi Note 12,Rajasthan,HDFC Bank,2,1,0.04,0,CLEARED,""
TXN00000187,3921,Healthcare,Redmi Note 12,West Bengal,HDFC Bank,8,0,0.215,0,CLEARED,""
TXN00000332,766,E-commerce,Vivo V27,Karnataka,SBI,15,0,0.341,0,CLEARED,""
TXN00000527,3663,Utility Bills,Oppo Reno 10,Kerala,Axis Bank,23,1,0.038,0,CLEARED,""
TXN00000547,3076,Healthcare,Redmi Note 12,Gujarat,Union Bank,4,1,0.014,0,CLEARED,""
TXN00000219,1903,Food & Dining,Samsung Galaxy S23,Kerala,Bank of Baroda,10,0,0.284,0,CLEARED,""
TXN00000037,180,Food & Dining,OnePlus 11,Rajasthan,ICICI Bank,7,0,0.039,0,CLEARED,""
TXN00000500,2589,Retail,Samsung Galaxy S23,Karnataka,Bank of Baroda,19,0,0.14,0,CLEARED,""
TXN00000631,11,Entertainment,iPhone 14,Gujarat,Axis Bank,10,0,0.76,1,FLAGGED,"multiple_attempts;high_amount"
TXN00000118,767,Healthcare,Samsung Galaxy S23,Rajasthan,Axis Bank,19,0,0.344,0,CLEARED,""
TXN00000122,573,Retail,Redmi Note 12,Telangana,ICICI Bank,1,1,0.125,0,CLEARED,""
TXN00000161,7997,E-commerce,Redmi Note 12,Telangana,Bank of Baroda,23,1,0.079,0,CLEARED,""
TXN00000220,6631,Gas Station,iPhone 14,West Bengal,SBI,23,1,0.229,0,CLEARED,""
TXN00000495,1180,Retail,Oppo Reno 10,West Bengal,Union Bank,0,1,0.209,0,CLEARED,""
TXN00000437,7347,Gas Station,Samsung Galaxy S23,Kerala,Punjab National Bank,3,1,0.345,0,CLEARED,""
TXN00000260,1809,Travel,iPhone 14,West Bengal,Union Bank,7,0,0.203,0,CLEARED,""
TXN00000150,8239,Education,Google Pixel 7,Delhi,Union Bank,11,0,0.271,0,CLEARED,""
TXN00000512,1240,Healthcare,Oppo Reno 10,Maharashtra,Union Bank,4,1,0.235,0,CLEARED,""
TXN00000073,2847,Retail,Samsung Galaxy S23,Kerala,SBI,6,0,0.096,0,CLEARED,""
TXN00000031,3489,Education,Vivo V27,Maharashtra,Kotak Mahindra,3,1,0.177,0,CLEARED,""
TXN00000180,3932,Healthcare,OnePlus 11,West Bengal,HDFC Bank,13,0,0.171,0,CLEARED,""
TXN00000491,5327,Entertainment,Redmi Note 12,Gujarat,Kotak Mahindra,14,0,0.255,0,CLEARED,""
TXN00000421,5163,Healthcare,Redmi Note 12,Delhi,HDFC Bank,1,1,0.144,0,CLEARED,""
TXN00000188,325,Education,Google Pixel 7,West Bengal,Bank of Baroda,11,0,0.272,0,CLEARED,""
TXN00000371,6027,Education,Google Pixel 7,Tamil Nadu,Kotak Mahindra,3,1,0.29,0,CLEARED,""
TXN00000407,1358,Entertainment,Oppo Reno 10,Telangana,Union Bank,14,0,0.213,0,CLEARED,""
TXN00000202,5150,Entertainment,OnePlus 11,Tamil Nadu,Union Bank,17,0,0.303,0,CLEARED,""
TXN00000102,5104,Gas Station,Vivo V27,Gujarat,HDFC Bank,3,1,0.286,0,CLEARED,""
TXN00000273,1506,Utility Bills,Google Pixel 7,Maharashtra,Union Bank,3,1,0.343,0,CLEARED,""
TXN00000113,1357,Education,OnePlus 11,Gujarat,HDFC Bank,18,0,0.099,0,CLEARED,""
TXN00000557,2142,E-commerce,Vivo V27,Rajasthan,Kotak Mahindra,15,0,0.3,0,CLEARED,""
TXN00000137,6446,Gas Station,Google Pixel 7,Uttar Pradesh,HDFC Bank,0,1,0.066,0,CLEARED,""
TXN00000493,10284,Utility Bills,OnePlus 11,Kerala,Axis Bank,18,0,0.207,0,CLEARED,""
TXN00000112,1604,Food & Dining,Google Pixel 7,Karnataka,Bank of Baroda,0,1,0.27,0,CLEARED,""
TXN00000451,1034,Food & Dining,Oppo Reno 10,Maharashtra,Union Bank,9,0,0.023,0,CLEARED,""
TXN00000522,808,Retail,Vivo V27,Delhi,ICICI Bank,6,0,0.019,0,CLEARED,""
TXN00000548,3988,Retail,OnePlus 11,Maharashtra,Punjab National Bank,20,0,0.315,0,CLEARED,""
TXN00000524,760,Utility Bills,Google Pixel 7,Tamil Nadu,Union Bank,9,0,0.22,0,CLEARED,""
TXN00000583,6315,Entertainment,iPhone 14,Rajasthan,ICICI Bank,9,0,0.3,0,CLEARED,""
TXN00000159,4495,Food & Dining,OnePlus 11,Kerala,Union Bank,17,0,0.126,0,CLEARED,""
TXN00000333,1454,Education,OnePlus 11,Tamil Nadu,Axis Bank,9,0,0.12,0,CLEARED,""
TXN00000010,6327,Healthcare,Redmi Note 12,Delhi,ICICI Bank,18,0,0.105,0,CLEARED,""
TXN00000196,2359,Travel,Redmi Note 12,Kerala,Punjab National Bank,17,0,0.241,0,CLEARED,""
TXN00000444,4497,Travel,Google Pixel 7,Gujarat,ICICI Bank,16,0,0.262,0,CLEARED,""
TXN00000249,6035,Utility Bills,Redmi Note 12,Tamil Nadu,Union Bank,19,0,0.053,0,CLEARED,""
TXN00000203,3813,Entertainment,Samsung Galaxy S23,Delhi,Union Bank,19,0,0.028,0,CLEARED,""
TXN00000541,1929,Healthcare,Redmi Note 12,West Bengal,ICICI Bank,19,0,0.034,0,CLEARED,""
TXN00000395,6458,Education,Vivo V27,Kerala,Punjab National Bank,5,1,0.194,0,CLEARED,""
TXN00000262,9899,Travel,Google Pixel 7,Kerala,HDFC Bank,14,0,0.257,0,CLEARED,""
TXN00000174,621,E-commerce,Redmi Note 12,Tamil Nadu,Union Bank,7,0,0.309,0,CLEARED,""
TXN00000511,2613,Healthcare,Samsung Galaxy S23,Kerala,Axis Bank,3,1,0.211,0,CLEARED,""
TXN00000012,2041,Food & Dining,Redmi Note 12,Telangana,Union Bank,18,0,0.35,0,CLEARED,""
TXN00000519,1363,E-commerce,Samsung Galaxy S23,Uttar Pradesh,ICICI Bank,19,0,0.066,0,CLEARED,""
TXN00000554,7803,Education,Vivo V27,Maharashtra,Punjab National Bank,18,0,0.288,0,CLEARED,""
TXN00000280,3545,Healthcare,Oppo Reno 10,West Bengal,Axis Bank,9,0,0.128,0,CLEARED,""
TXN00000256,718,Retail,Google Pixel 7,West Bengal,Kotak Mahindra,17,0,0.244,0,CLEARED,""
TXN00000293,803,E-commerce,iPhone 14,Maharashtra,Punjab National Bank,11,0,0.338,0,CLEARED,""
TXN00000565,3705,Healthcare,Redmi Note 12,Gujarat,Kotak Mahindra,17,0,0.126,0,CLEARED,""
TXN00000537,1504,Utility Bills,iPhone 14,Tamil Nadu,SBI,17,0,0.222,0,CLEARED,""
TXN00000294,1497,Gas Station,Redmi Note 12,Kerala,Axis Bank,3,1,0.264,0,CLEARED,""
TXN00000516,12624,Travel,Oppo Reno 10,West Bengal,HDFC Bank,2,1,0.074,0,CLEARED,""
TXN00000316,150,Utility Bills,iPhone 14,West Bengal,HDFC Bank,17,0,0.264,0,CLEARED,""
TXN00000177,4932,Gas Station,Vivo V27,Delhi,Bank of Baroda,0,1,0.223,0,CLEARED,""
TXN00000281,2631,Education,Samsung Galaxy S23,Maharashtra,Bank of Baroda,14,0,0.235,0,CLEARED,""
TXN00000114,7212,Healthcare,Oppo Reno 10,Telangana,SBI,22,1,0.236,0,CLEARED,""
TXN00000348,2571,Food & Dining,Vivo V27,Rajasthan,Punjab National Bank,17,0,0.299,0,CLEARED,""
TXN00000306,4037,Healthcare,Samsung Galaxy S23,Kerala,Kotak Mahindra,0,1,0.025,0,CLEARED,""
TXN00000176,2670,Travel,Vivo V27,Telangana,HDFC Bank,21,0,0.276,0,CLEARED,""
TXN00000090,358,Travel,Vivo V27,Rajasthan,ICICI Bank,23,1,0.347,0,CLEARED,""
TXN00000098,6333,Education,Oppo Reno 10,West Bengal,Axis Bank,6,0,0.063,0,CLEARED,""
TXN00000235,6650,Education,Samsung Galaxy S23,Kerala,Axis Bank,10,0,0.018,0,CLEARED,""
TXN00000322,76,Healthcare,Oppo Reno 10,Uttar Pradesh,HDFC Bank,1,1,0.163,0,CLEARED,""
TXN00000181,1288,Food & Dining,Samsung Galaxy S23,Uttar Pradesh,HDFC Bank,4,1,0.02,0,CLEARED,""
TXN00000463,1741,Gas Station,Google Pixel 7,West Bengal,SBI,3,1,0.286,0,CLEARED,""
TXN00000193,1433,Healthcare,Google Pixel 7,West Bengal,Punjab National Bank,19,0,0.105,0,CLEARED,""
TXN00000503,4339,Gas Station,Samsung Galaxy S23,West Bengal,HDFC Bank,7,0,0.16,0,CLEARED,""
TXN00000028,2651,Food & Dining,iPhone 14,Gujarat,HDFC Bank,12,0,0.149,0,CLEARED,""
TXN00000002,1046,Utility Bills,Vivo V27,Gujarat,HDFC Bank,1,1,0.203,0,CLEARED,""
TXN00000531,1974,Retail,OnePlus 11,Rajasthan,ICICI Bank,9,0,0.298,0,CLEARED,""
TXN00000501,3650,Healthcare,iPhone 14,West Bengal,Kotak Mahindra,11,0,0.141,0,CLEARED,""
TXN00000068,1230,Utility Bills,Samsung Galaxy S23,Kerala,Union Bank,4,1,0.333,0,CLEARED,""
TXN00000579,4043,Utility Bills,iPhone 14,Maharashtra,SBI,15,0,0.342,0,CLEARED,""
TXN00000352,5224,Healthcare,Google Pixel 7,Delhi,Union Bank,4,1,0.018,0,CLEARED,""
TXN00000486,5559,Education,Vivo V27,Uttar Pradesh,Punjab National Bank,10,0,0.309,0,CLEARED,""
TXN00000523,2570,Retail,Oppo Reno 10,Maharashtra,Punjab National Bank,23,1,0.09,0,CLEARED,""
TXN00000061,3593,Education,Oppo Reno 10,Maharashtra,Axis Bank,15,0,0.149,0,CLEARED,""
TXN00000445,1310,Education,Google Pixel 7,Gujarat,Axis Bank,4,1,0.043,0,CLEARED,""
TXN00000464,9971,Gas Station,Samsung Galaxy S23,Delhi,Axis Bank,17,0,0.296,0,CLEARED,""
TXN00000382,1718,E-commerce,Samsung Galaxy S23,Uttar Pradesh,SBI,20,0,0.076,0,CLEARED,""
TXN00000015,6386,Education,Samsung Galaxy S23,Kerala,SBI,19,0,0.218,0,CLEARED,""
TXN00000422,1076,Gas Station,Vivo V27,Rajasthan,Kotak Mahindra,12,0,0.219,0,CLEARED,""
TXN00000040,2649,Healthcare,iPhone 14,Rajasthan,HDFC Bank,0,1,0.08,0,CLEARED,""
TXN00000238,4414,Education,Oppo Reno 10,Uttar Pradesh,Kotak Mahindra,3,1,0.01,0,CLEARED,""
TXN00000151,1468,Retail,Samsung Galaxy S23,Uttar Pradesh,HDFC Bank,7,0,0.117,0,CLEARED,""
TXN00000045,4432,Education,Redmi Note 12,Kerala,Axis Bank,7,0,0.119,0,CLEARED,""
TXN00000535,1442,Entertainment,OnePlus 11,West Bengal,Kotak Mahindra,16,0,0.041,0,CLEARED,""
TXN00000163,364,Education,Redmi Note 12,West Bengal,Axis Bank,15,0,0.074,0,CLEARED,""
TXN00000318,9309,Utility Bills,Samsung Galaxy S23,West Bengal,SBI,21,0,0.166,0,CLEARED,""
TXN00000123,2043,E-commerce,Google Pixel 7,Delhi,Bank of Baroda,0,1,0.273,0,CLEARED,""
TXN00000236,973,Travel,Samsung Galaxy S23,Karnataka,ICICI Bank,12,0,0.188,0,CLEARED,""
TXN00000543,2263,E-commerce,OnePlus 11,Delhi,Bank of Baroda,2,1,0.326,0,CLEARED,""
TXN00000393,7523,Healthcare,Google Pixel 7,West Bengal,ICICI Bank,9,0,0.301,0,CLEARED,""
TXN00000510,343,Healthcare,Samsung Galaxy S23,Maharashtra,Axis Bank,5,1,0.016,0,CLEARED,""
TXN00000069,451,Food & Dining,OnePlus 11,Rajasthan,Kotak Mahindra,22,1,0.186,0,CLEARED,""
TXN00000195,1002,Gas Station,Oppo Reno 10,Gujarat,HDFC Bank,7,0,0.157,0,CLEARED,""
TXN00000087,252,Retail,Redmi Note 12,Maharashtra,Punjab National Bank,19,0,0.289,0,CLEARED,""
TXN00000162,1210,Gas Station,Samsung Galaxy S23,West Bengal,ICICI Bank,12,0,0.097,0,CLEARED,""
TXN00000053,5888,Travel,Samsung Galaxy S23,Tamil Nadu,Union Bank,13,0,0.256,0,CLEARED,""
TXN00000058,5151,Gas Station,OnePlus 11,Kerala,HDFC Bank,5,1,0.183,0,CLEARED,""
TXN00000553,281,Entertainment,Google Pixel 7,West Bengal,ICICI Bank,18,0,0.32,0,CLEARED,""
TXN00000406,2375,Food & Dining,Redmi Note 12,Tamil Nadu,Kotak Mahindra,21,0,0.013,0,CLEARED,""
TXN00000533,3853,Travel,Google Pixel 7,West Bengal,Punjab National Bank,23,1,0.203,0,CLEARED,""
TXN00000589,5382,Education,Oppo Reno 10,Delhi,SBI,4,1,0.164,0,CLEARED,""
TXN00000299,2184,Utility Bills,iPhone 14,Tamil Nadu,Bank of Baroda,16,0,0.103,0,CLEARED,""
TXN00000126,10555,Food & Dining,Google Pixel 7,Kerala,SBI,2,1,0.341,0,CLEARED,""
TXN00000222,5081,E-commerce,iPhone 14,Rajasthan,ICICI Bank,14,0,0.02,0,CLEARED,""
TXN00000046,4584,Retail,Samsung Galaxy S23,Maharashtra,Axis Bank,8,0,0.283,0,CLEARED,""
TXN00000608,5846,Travel,Redmi Note 12,Karnataka,Punjab National Bank,13,0,0.204,0,CLEARED,""
TXN00000433,8428,Travel,iPhone 14,Karnataka,ICICI Bank,12,0,0.185,0,CLEARED,""
TXN00000364,1400,Healthcare,OnePlus 11,Telangana,SBI,1,1,0.151,0,CLEARED,""
TXN00000447,1416,Travel,Samsung Galaxy S23,Maharashtra,Axis Bank,8,0,0.197,0,CLEARED,""
TXN00000428,2760,E-commerce,Google Pixel 7,West Bengal,Union Bank,7,0,0.03,0,CLEARED,""
TXN00000063,2173,E-commerce,Oppo Reno 10,Delhi,Punjab National Bank,6,0,0.085,0,CLEARED,""
TXN00000597,3586,Education,Google Pixel 7,Gujarat,ICICI Bank,1,1,0.108,0,CLEARED,""
TXN00000452,7135,Gas Station,OnePlus 11,Kerala,Union Bank,1,1,0.223,0,CLEARED,""
TXN00000109,3257,E-commerce,iPhone 14,Kerala,Axis Bank,17,0,0.091,0,CLEARED,""
TXN00000286,5336,Travel,Samsung Galaxy S23,Maharashtra,SBI,10,0,0.213,0,CLEARED,""
TXN00000601,879,E-commerce,iPhone 14,Maharashtra,Punjab National Bank,1,1,0.173,0,CLEARED,""
TXN00000561,3506,Education,OnePlus 11,Kerala,Kotak Mahindra,9,0,0.312,0,CLEARED,""
TXN00000492,2289,Utility Bills,Oppo Reno 10,Uttar Pradesh,Bank of Baroda,2,1,0.241,0,CLEARED,""
TXN00000509,793,Utility Bills,iPhone 14,Maharashtra,Punjab National Bank,9,0,0.172,0,CLEARED,""
TXN00000199,4116,Food & Dining,Google Pixel 7,Maharashtra,Bank of Baroda,4,1,0.267,0,CLEARED,""
TXN00000590,2184,E-commerce,Redmi Note 12,Gujarat,Bank of Baroda,11,0,0.338,0,CLEARED,""
TXN00000016,916,Entertainment,Vivo V27,West Bengal,Axis Bank,5,1,0.113,0,CLEARED,""
TXN00000064,1092,Healthcare,iPhone 14,Uttar Pradesh,SBI,19,0,0.281,0,CLEARED,""
TXN00000458,1904,Gas Station,Redmi Note 12,Delhi,Union Bank,2,1,0.108,0,CLEARED,""
TXN00000415,4742,Travel,iPhone 14,Gujarat,SBI,10,0,0.112,0,CLEARED,""
TXN00000071,2822,Utility Bills,Samsung Galaxy S23,Karnataka,Axis Bank,2,1,0.288,0,CLEARED,""
TXN00000266,956,Travel,iPhone 14,Kerala,SBI,1,1,0.046,0,CLEARED,""
TXN00000520,1273,E-commerce,Google Pixel 7,West Bengal,SBI,8,0,0.107,0,CLEARED,""
TXN00000301,564,Entertainment,iPhone 14,Gujarat,ICICI Bank,0,1,0.245,0,CLEARED,""
TXN00000132,1309,Healthcare,Samsung Galaxy S23,Delhi,Kotak Mahindra,14,0,0.347,0,CLEARED,""
TXN00000399,6328,E-commerce,iPhone 14,Telangana,Punjab National Bank,18,0,0.02,0,CLEARED,""
TXN00000559,21,Education,Oppo Reno 10,Rajasthan,Bank of Baroda,2,1,0.118,0,CLEARED,""
TXN00000610,5824,Utility Bills,Oppo Reno 10,Uttar Pradesh,SBI,10,0,0.127,0,CLEARED,""
TXN00000353,547,Travel,Oppo Reno 10,Delhi,Punjab National Bank,18,0,0.186,0,CLEARED,""
TXN00000600,2552,Retail,Vivo V27,Tamil Nadu,ICICI Bank,15,0,0.216,0,CLEARED,""
TXN00000570,7990,E-commerce,iPhone 14,Delhi,Union Bank,3,1,0.254,0,CLEARED,""
TXN00000290,7164,Travel,iPhone 14,Uttar Pradesh,Kotak Mahindra,6,0,0.044,0,CLEARED,""
TXN00000448,11644,E-commerce,OnePlus 11,Delhi,ICICI Bank,6,0,0.185,0,CLEARED,""
TXN00000272,5328,Entertainment,Samsung Galaxy S23,Karnataka,Union Bank,15,0,0.015,0,CLEARED,""
TXN00000128,5773,E-commerce,Oppo Reno 10,Uttar Pradesh,ICICI Bank,12,0,0.157,0,CLEARED,""
TXN00000549,6882,Gas Station,Redmi Note 12,Karnataka,Union Bank,18,0,0.133,0,CLEARED,""
TXN00000307,293,Gas Station,Google Pixel 7,Telangana,HDFC Bank,13,0,0.287,0,CLEARED,""
TXN00000484,5371,Utility Bills,Redmi Note 12,Delhi,Union Bank,2,1,0.126,0,CLEARED,""
TXN00000320,12394,Healthcare,Oppo Reno 10,Telangana,Axis Bank,14,0,0.047,0,CLEARED,""
TXN00000504,1628,Education,Google Pixel 7,West Bengal,Axis Bank,3,1,0.164,0,CLEARED,""
TXN00000129,2676,Gas Station,Google Pixel 7,Maharashtra,Kotak Mahindra,17,0,0.238,0,CLEARED,""
TXN00000572,4685,Healthcare,Google Pixel 7,Rajasthan,Punjab National Bank,10,0,0.264,0,CLEARED,""
TXN00000581,11671,E-commerce,OnePlus 11,Kerala,Union Bank,17,0,0.209,0,CLEARED,""
TXN00000626,753,Retail,Redmi Note 12,Tamil Nadu,HDFC Bank,0,1,0.196,0,CLEARED,""
TXN00000624,1996,Healthcare,Samsung Galaxy S23,West Bengal,SBI,1,1,0.19,0,CLEARED,""
TXN00000594,367,Education,Vivo V27,Uttar Pradesh,Punjab National Bank,15,0,0.049,0,CLEARED,""
TXN00000198,3015,Gas Station,Samsung Galaxy S23,Gujarat,ICICI Bank,19,0,0.038,0,CLEARED,""
TXN00000006,36,Gas Station,Google Pixel 7,Telangana,Punjab National Bank,8,0,0.02,0,CLEARED,""
TXN00000591,2129,Gas Station,iPhone 14,Gujarat,Bank of Baroda,12,0,0.302,0,CLEARED,""
TXN00000324,4579,Education,OnePlus 11,Rajasthan,SBI,21,0,0.023,0,CLEARED,""
TXN00000453,1717,Travel,Samsung Galaxy S23,Tamil Nadu,Axis Bank,5,1,0.151,0,CLEARED,""
TXN00000560,2154,E-commerce,Google Pixel 7,Tamil Nadu,Punjab National Bank,10,0,0.17,0,CLEARED,""
TXN00000312,762,Food & Dining,Redmi Note 12,Kerala,SBI,22,1,0.097,0,CLEARED,""
TXN00000121,5029,Utility Bills,OnePlus 11,Maharashtra,Axis Bank,13,0,0.166,0,CLEARED,""
TXN00000043,3148,Education,OnePlus 11,Maharashtra,HDFC Bank,9,0,0.162,0,CLEARED,""
TXN00000154,8938,Education,Google Pixel 7,Kerala,Punjab National Bank,7,0,0.165,0,CLEARED,""
TXN00000604,5734,Gas Station,Redmi Note 12,Tamil Nadu,Kotak Mahindra,8,0,0.338,0,CLEARED,""
TXN00000623,5951,Entertainment,Oppo Reno 10,Gujarat,Punjab National Bank,6,0,0.242,0,CLEARED,""
TXN00000618,218,Gas Station,Vivo V27,Uttar Pradesh,ICICI Bank,14,0,0.012,0,CLEARED,""
TXN00000088,447,Utility Bills,Google Pixel 7,Maharashtra,SBI,22,1,0.167,0,CLEARED,""
TXN00000308,4543,Entertainment,iPhone 14,Maharashtra,Punjab National Bank,7,0,0.221,0,CLEARED,""
TXN00000051,2174,Entertainment,Samsung Galaxy S23,Gujarat,Union Bank,0,1,0.185,0,CLEARED,""
TXN00000254,5073,Food & Dining,Redmi Note 12,Delhi,Axis Bank,22,1,0.238,0,CLEARED,""
TXN00000398,2492,Retail,iPhone 14,Gujarat,SBI,7,0,0.133,0,CLEARED,""
TXN00000275,3502,Education,Google Pixel 7,Rajasthan,SBI,23,1,0.226,0,CLEARED,""
TXN00000131,3123,Healthcare,Redmi Note 12,Uttar Pradesh,SBI,3,1,0.319,0,CLEARED,""
TXN00000330,6841,Gas Station,OnePlus 11,Maharashtra,HDFC Bank,12,0,0.248,0,CLEARED,""
TXN00000142,4615,Food & Dining,Samsung Galaxy S23,Rajasthan,Union Bank,11,0,0.079,0,CLEARED,""
TXN00000054,6143,Entertainment,Google Pixel 7,Telangana,Punjab National Bank,5,1,0.044,0,CLEARED,""
TXN00000360,8099,Healthcare,Oppo Reno 10,Telangana,Bank of Baroda,3,1,0.03,0,CLEARED,""
TXN00000586,1585,Utility Bills,Samsung Galaxy S23,Tamil Nadu,Punjab National Bank,1,1,0.208,0,CLEARED,""
TXN00000014,2089,Entertainment,OnePlus 11,Telangana,Punjab National Bank,1,1,0.128,0,CLEARED,""
TXN00000019,2030,Entertainment,Vivo V27,Uttar Pradesh,Punjab National Bank,14,0,0.018,0,CLEARED,""
TXN00000047,7559,Travel,iPhone 14,Kerala,SBI,20,0,0.245,0,CLEARED,""
TXN00000298,4507,Utility Bills,Oppo Reno 10,West Bengal,ICICI Bank,16,0,0.258,0,CLEARED,""
TXN00000024,5533,Utility Bills,Redmi Note 12,Kerala,HDFC Bank,1,1,0.328,0,CLEARED,""
TXN00000468,988,Retail,Vivo V27,Delhi,Union Bank,15,0,0.249,0,CLEARED,""
TXN00000363,570,Food & Dining,Vivo V27,Telangana,Axis Bank,0,1,0.337,0,CLEARED,""
TXN00000619,3037,Gas Station,Oppo Reno 10,Rajasthan,Union Bank,1,1,0.237,0,CLEARED,""
TXN00000387,5112,Food & Dining,Oppo Reno 10,Maharashtra,HDFC Bank,0,1,0.209,0,CLEARED,""
TXN00000321,4892,Utility Bills,iPhone 14,Rajasthan,Punjab National Bank,5,1,0.081,0,CLEARED,""
TXN00000496,7269,Gas Station,Redmi Note 12,Kerala,ICICI Bank,12,0,0.147,0,CLEARED,""
TXN00000384,786,Utility Bills,Redmi Note 12,Karnataka,Union Bank,17,0,0.28,0,CLEARED,""
TXN00000472,6066,Food & Dining,Google Pixel 7,Uttar Pradesh,HDFC Bank,9,0,0.04,0,CLEARED,""
TXN00000227,2980,Entertainment,iPhone 14,Maharashtra,Punjab National Bank,7,0,0.16,0,CLEARED,""
TXN00000388,322,Utility Bills,iPhone 14,Karnataka,ICICI Bank,10,0,0.103,0,CLEARED,""
TXN00000599,4186,Gas Station,Samsung Galaxy S23,Tamil Nadu,SBI,7,0,0.216,0,CLEARED,""
TXN00000630,285720,E-commerce,Oppo Reno 10,West Bengal,Axis Bank,17,0,0.713,1,FLAGGED,"high_amount;unusual_time;multiple_attempts"
TXN00000041,4236,E-commerce,Redmi Note 12,Delhi,Kotak Mahindra,0,1,0.033,0,CLEARED,""
TXN00000133,1961,Travel,Samsung Galaxy S23,Tamil Nadu,Bank of Baroda,2,1,0.223,0,CLEARED,""
TXN00000282,5586,Food & Dining,Redmi Note 12,Kerala,Axis Bank,6,0,0.038,0,CLEARED,""
TXN00000603,802,Gas Station,Oppo Reno 10,Rajasthan,Bank of Baroda,9,0,0.283,0,CLEARED,""
TXN00000190,449,E-commerce,Google Pixel 7,Kerala,ICICI Bank,19,0,0.292,0,CLEARED,""
TXN00000577,1534,E-commerce,Oppo Reno 10,Maharashtra,Punjab National Bank,11,0,0.17,0,CLEARED,""
TXN00000233,4174,Travel,Oppo Reno 10,Telangana,Axis Bank,13,0,0.268,0,CLEARED,""
TXN00000359,4054,Utility Bills,Samsung Galaxy S23,Uttar Pradesh,Union Bank,5,1,0.287,0,CLEARED,""
TXN00000229,6122,E-commerce,OnePlus 11,Gujarat,Axis Bank,5,1,0.254,0,CLEARED,""
TXN00000585,3271,Food & Dining,iPhone 14,Telangana,Bank of Baroda,12,0,0.301,0,CLEARED,""
TXN00000091,2505,Travel,Oppo Reno 10,Uttar Pradesh,Punjab National Bank,6,0,0.21,0,CLEARED,""
TXN00000418,1264,E-commerce,Redmi Note 12,Maharashtra,HDFC Bank,12,0,0.063,0,CLEARED,""
TXN00000157,6530,Utility Bills,Samsung Galaxy S23,Telangana,Punjab National Bank,18,0,0.293,0,CLEARED,""
TXN00000288,4062,Gas Station,OnePlus 11,Rajasthan,Punjab National Bank,5,1,0.332,0,CLEARED,""
TXN00000335,2291,Travel,iPhone 14,Gujarat,Axis Bank,12,0,0.247,0,CLEARED,""
TXN00000485,2779,Utility Bills,Vivo V27,Telangana,Union Bank,0,1,0.207,0,CLEARED,""
TXN00000521,4526,Retail,OnePlus 11,Kerala,Kotak Mahindra,4,1,0.147,0,CLEARED,""
TXN00000514,1116,Food & Dining,Samsung Galaxy S23,Rajasthan,HDFC Bank,1,1,0.035,0,CLEARED,""
TXN00000401,280,Travel,Vivo V27,Kerala,Union Bank,15,0,0.329,0,CLEARED,""
TXN00000525,2263,Travel,Google Pixel 7,Uttar Pradesh,Axis Bank,16,0,0.2,0,CLEARED,""
TXN00000529,3492,Healthcare,Oppo Reno 10,Kerala,Axis Bank,9,0,0.106,0,CLEARED,""
TXN00000207,2557,Gas Station,Oppo Reno 10,Telangana,HDFC Bank,15,0,0.115,0,CLEARED,""
TXN00000166,4431,Healthcare,Oppo Reno 10,West Bengal,Punjab National Bank,9,0,0.205,0,CLEARED,""
TXN00000325,4510,Travel,Samsung Galaxy S23,Kerala,Axis Bank,18,0,0.107,0,CLEARED,""
TXN00000390,2367,Entertainment,Redmi Note 12,West Bengal,Axis Bank,13,0,0.189,0,CLEARED,""
TXN00000147,840,Education,Google Pixel 7,Telangana,Axis Bank,20,0,0.115,0,CLEARED,""
TXN00000365,4208,Utility Bills,OnePlus 11,Rajasthan,Axis Bank,1,1,0.041,0,CLEARED,""
TXN00000457,3808,Healthcare,Redmi Note 12,Telangana,SBI,13,0,0.04,0,CLEARED,""
TXN00000005,5415,E-commerce,iPhone 14,Tamil Nadu,HDFC Bank,8,0,0.313,0,CLEARED,""
TXN00000621,5466,Healthcare,Samsung Galaxy S23,Uttar Pradesh,Union Bank,19,0,0.179,0,CLEARED,""
TXN00000269,5840,Healthcare,OnePlus 11,Kerala,Bank of Baroda,21,0,0.125,0,CLEARED,""
TXN00000419,3655,Retail,Oppo Reno 10,Karnataka,Bank of Baroda,21,0,0.215,0,CLEARED,""
TXN00000264,141,Retail,OnePlus 11,Telangana,Bank of Baroda,16,0,0.226,0,CLEARED,""
TXN00000449,14292,Healthcare,Google Pixel 7,Rajasthan,Axis Bank,13,0,0.305,0,CLEARED,""
TXN00000212,1844,Food & Dining,Google Pixel 7,Uttar Pradesh,Kotak Mahindra,22,1,0.296,0,CLEARED,""
TXN00000346,4466,Travel,Vivo V27,Gujarat,ICICI Bank,21,0,0.345,0,CLEARED,""
TXN00000232,4729,E-commerce,Google Pixel 7,Rajasthan,Punjab National Bank,10,0,0.15,0,CLEARED,""
TXN00000427,3332,Retail,iPhone 14,Maharashtra,Union Bank,21,0,0.038,0,CLEARED,""
TXN00000009,1975,Retail,iPhone 14,Rajasthan,Union Bank,12,0,0.143,0,CLEARED,""
TXN00000446,2900,Utility Bills,OnePlus 11,Delhi,Bank of Baroda,15,0,0.018,0,CLEARED,""
TXN00000225,3522,Food & Dining,Redmi Note 12,Telangana,SBI,21,0,0.02,0,CLEARED,""
TXN00000629,288751,Food & Dining,Vivo V27,Maharashtra,ICICI Bank,6,0,0.737,1,FLAGGED,"multiple_attempts"
TXN00000135,10328,Gas Station,Samsung Galaxy S23,Uttar Pradesh,SBI,15,0,0.055,0,CLEARED,""
TXN00000300,2473,Travel,Samsung Galaxy S23,Uttar Pradesh,Kotak Mahindra,6,0,0.18,0,CLEARED,""
TXN00000120,4995,Gas Station,OnePlus 11,Karnataka,Punjab National Bank,20,0,0.197,0,CLEARED,""
TXN00000164,1978,Entertainment,OnePlus 11,Telangana,Axis Bank,21,0,0.028,0,CLEARED,""
TXN00000258,1335,Entertainment,OnePlus 11,Delhi,Axis Bank,12,0,0.174,0,CLEARED,""
TXN00000506,3920,E-commerce,Samsung Galaxy S23,Karnataka,ICICI Bank,4,1,0.286,0,CLEARED,""
TXN00000355,402,E-commerce,Google Pixel 7,Karnataka,ICICI Bank,11,0,0.138,0,CLEARED,""
TXN00000625,3101,Utility Bills,Google Pixel 7,West Bengal,HDFC Bank,0,1,0.315,0,CLEARED,""
TXN00000257,2055,Gas Station,Redmi Note 12,West Bengal,Axis Bank,4,1,0.025,0,CLEARED,""
TXN00000032,4980,Retail,iPhone 14,Kerala,Punjab National Bank,15,0,0.287,0,CLEARED,""
TXN00000029,1168,Gas Station,Samsung Galaxy S23,Maharashtra,ICICI Bank,21,0,0.161,0,CLEARED,""
TXN00000552,1453,Healthcare,Google Pixel 7,Gujarat,Bank of Baroda,7,0,0.012,0,CLEARED,""
TXN00000138,6780,Entertainment,Redmi Note 12,Tamil Nadu,Bank of Baroda,16,0,0.238,0,CLEARED,""
TXN00000592,9593,Gas Station,Samsung Galaxy S23,Telangana,Union Bank,21,0,0.175,0,CLEARED,""
TXN00000077,8143,Entertainment,Oppo Reno 10,Maharashtra,Bank of Baroda,7,0,0.099,0,CLEARED,""
TXN00000469,7225,Entertainment,Samsung Galaxy S23,Maharashtra,ICICI Bank,18,0,0.226,0,CLEARED,""
TXN00000303,5540,Food & Dining,iPhone 14,Gujarat,ICICI Bank,8,0,0.053,0,CLEARED,""
TXN00000214,2619,Retail,Vivo V27,Delhi,SBI,11,0,0.254,0,CLEARED,""
TXN00000567,1427,Utility Bills,Samsung Galaxy S23,West Bengal,SBI,9,0,0.167,0,CLEARED,""
TXN00000615,879,Retail,iPhone 14,Karnataka,Union Bank,7,0,0.349,0,CLEARED,""
TXN00000497,4848,Utility Bills,Redmi Note 12,Gujarat,Kotak Mahindra,0,1,0.019,0,CLEARED,""
TXN00000606,4012,Food & Dining,Redmi Note 12,Maharashtra,HDFC Bank,1,1,0.213,0,CLEARED,""
TXN00000033,3253,Retail,Google Pixel 7,Maharashtra,SBI,21,0,0.126,0,CLEARED,""
TXN00000060,8549,Utility Bills,Oppo Reno 10,Delhi,Axis Bank,4,1,0.121,0,CLEARED,""
TXN00000544,3686,Food & Dining,Redmi Note 12,Telangana,HDFC Bank,1,1,0.252,0,CLEARED,""
TXN00000628,39,Gas Station,Google Pixel 7,Kerala,Axis Bank,15,0,0.762,1,FLAGGED,"geo_mismatch;new_device;account_age;merchant_risk"
TXN00000274,6701,Food & Dining,iPhone 14,Rajasthan,Kotak Mahindra,12,0,0.203,0,CLEARED,""
TXN00000441,530,E-commerce,Vivo V27,Maharashtra,Punjab National Bank,14,0,0.183,0,CLEARED,""
TXN00000175,424,Healthcare,Samsung Galaxy S23,Delhi,ICICI Bank,5,1,0.184,0,CLEARED,""
TXN00000358,1315,Utility Bills,Vivo V27,Telangana,Kotak Mahindra,16,0,0.312,0,CLEARED,""
TXN00000414,6454,Retail,Google Pixel 7,Delhi,Union Bank,16,0,0.193,0,CLEARED,""
TXN00000542,1678,E-commerce,Samsung Galaxy S23,Rajasthan,Union Bank,22,1,0.157,0,CLEARED,""
TXN00000086,3581,E-commerce,Samsung Galaxy S23,Telangana,Bank of Baroda,22,1,0.184,0,CLEARED,""
TXN00000596,1821,E-commerce,OnePlus 11,Karnataka,Bank of Baroda,21,0,0.026,0,CLEARED,""
TXN00000018,1130,E-commerce,iPhone 14,Gujarat,ICICI Bank,20,0,0.077,0,CLEARED,""
TXN00000613,4903,Gas Station,OnePlus 11,Tamil Nadu,Kotak Mahindra,6,0,0.201,0,CLEARED,""
TXN00000396,904,Food & Dining,Vivo V27,West Bengal,ICICI Bank,2,1,0.019,0,CLEARED,""
TXN00000234,6491,Travel,Oppo Reno 10,Gujarat,ICICI Bank,11,0,0.212,0,CLEARED,""
TXN00000438,5760,Education,Oppo Reno 10,Delhi,ICICI Bank,19,0,0.019,0,CLEARED,""
TXN00000575,1216,Travel,Redmi Note 12,Telangana,HDFC Bank,8,0,0.296,0,CLEARED,""
TXN00000381,8938,Gas Station,OnePlus 11,Karnataka,Kotak Mahindra,0,1,0.073,0,CLEARED,""
TXN00000292,1488,Gas Station,Google Pixel 7,Delhi,SBI,20,0,0.296,0,CLEARED,""
TXN00000465,6606,Healthcare,Oppo Reno 10,Maharashtra,HDFC Bank,6,0,0.056,0,CLEARED,""
TXN00000605,1600,Healthcare,Google Pixel 7,Rajasthan,Kotak Mahindra,23,1,0.247,0,CLEARED,""
TXN00000481,817,E-commerce,Vivo V27,Telangana,Punjab National Bank,10,0,0.108,0,CLEARED,""
TXN00000209,6120,Education,Vivo V27,Delhi,Bank of Baroda,3,1,0.137,0,CLEARED,""
TXN00000291,3921,Food & Dining,Samsung Galaxy S23,Maharashtra,Kotak Mahindra,11,0,0.044,0,CLEARED,""
TXN00000440,2238,Entertainment,Vivo V27,Uttar Pradesh,Kotak Mahindra,13,0,0.099,0,CLEARED,""
TXN00000247,2399,Healthcare,OnePlus 11,Gujarat,ICICI Bank,0,1,0.146,0,CLEARED,""
TXN00000021,5118,Utility Bills,Google Pixel 7,Karnataka,Punjab National Bank,2,1,0.167,0,CLEARED,""
TXN00000410,4367,Utility Bills,Redmi Note 12,Tamil Nadu,Kotak Mahindra,23,1,0.213,0,CLEARED,""
TXN00000205,6084,Food & Dining,Vivo V27,Karnataka,Axis Bank,21,0,0.235,0,CLEARED,""
TXN00000082,2132,Entertainment,iPhone 14,Uttar Pradesh,HDFC Bank,15,0,0.147,0,CLEARED,""
TXN00000405,3254,Retail,OnePlus 11,Rajasthan,HDFC Bank,6,0,0.119,0,CLEARED,""
TXN00000215,985,Food & Dining,Vivo V27,Telangana,Kotak Mahindra,14,0,0.204,0,CLEARED,""
TXN00000139,7585,Travel,OnePlus 11,Uttar Pradesh,Punjab National Bank,4,1,0.212,0,CLEARED,""
TXN00000020,7383,Travel,Redmi Note 12,Gujarat,Kotak Mahindra,23,1,0.266,0,CLEARED,""
TXN00000426,4898,Retail,OnePlus 11,Rajasthan,ICICI Bank,1,1,0.175,0,CLEARED,""
TXN00000268,7097,Retail,iPhone 14,Tamil Nadu,Axis Bank,14,0,0.013,0,CLEARED,""
TXN00000494,581,Retail,Vivo V27,Kerala,HDFC Bank,4,1,0.326,0,CLEARED,""
TXN00000413,7065,Food & Dining,Redmi Note 12,Tamil Nadu,ICICI Bank,4,1,0.119,0,CLEARED,""
TXN00000574,2177,Travel,iPhone 14,Telangana,SBI,16,0,0.174,0,CLEARED,""
TXN00000003,5337,Retail,Redmi Note 12,Karnataka,Kotak Mahindra,6,0,0.235,0,CLEARED,""
TXN00000127,11642,E-commerce,iPhone 14,Rajasthan,SBI,2,1,0.018,0,CLEARED,""
TXN00000223,3967,Food & Dining,Google Pixel 7,Kerala,ICICI Bank,4,1,0.14,0,CLEARED,""
TXN00000400,4254,Retail,OnePlus 11,Rajasthan,Axis Bank,22,1,0.106,0,CLEARED,""
TXN00000011,4543,Utility Bills,Oppo Reno 10,Telangana,Union Bank,21,0,0.139,0,CLEARED,""
TXN00000532,5507,Entertainment,Redmi Note 12,Uttar Pradesh,SBI,22,1,0.089,0,CLEARED,""
TXN00000593,3520,Healthcare,Samsung Galaxy S23,West Bengal,HDFC Bank,18,0,0.199,0,CLEARED,""
TXN00000310,2578,Gas Station,Redmi Note 12,Tamil Nadu,Axis Bank,9,0,0.153,0,CLEARED,""
TXN00000357,962,Retail,Samsung Galaxy S23,Gujarat,Punjab National Bank,15,0,0.333,0,CLEARED,""
TXN00000216,5055,Retail,Oppo Reno 10,Gujarat,Punjab National Bank,15,0,0.325,0,CLEARED,""
TXN00000030,6484,Education,Vivo V27,West Bengal,Axis Bank,13,0,0.116,0,CLEARED,""
TXN00000477,6916,Utility Bills,Google Pixel 7,West Bengal,Punjab National Bank,19,0,0.21,0,CLEARED,""
TXN00000361,6495,Education,Vivo V27,Gujarat,Bank of Baroda,15,0,0.289,0,CLEARED,""
TXN00000456,89,E-commerce,iPhone 14,Kerala,ICICI Bank,18,0,0.333,0,CLEARED,""
TXN00000498,5557,Food & Dining,iPhone 14,West Bengal,SBI,2,1,0.172,0,CLEARED,""
TXN00000622,3462,E-commerce,Samsung Galaxy S23,Maharashtra,SBI,22,1,0.347,0,CLEARED,""
TXN00000261,1714,Gas Station,Redmi Note 12,Delhi,Punjab National Bank,8,0,0.307,0,CLEARED,""
TXN00000130,2893,Education,Oppo Reno 10,Karnataka,Punjab National Bank,9,0,0.09,0,CLEARED,""
TXN00000614,1779,E-commerce,OnePlus 11,West Bengal,SBI,20,0,0.115,0,CLEARED,""
TXN00000564,5381,Healthcare,Vivo V27,Maharashtra,Punjab National Bank,22,1,0.337,0,CLEARED,""
TXN00000194,10133,Retail,OnePlus 11,Kerala,SBI,2,1,0.038,0,CLEARED,""
TXN00000351,3897,Retail,OnePlus 11,Gujarat,HDFC Bank,12,0,0.149,0,CLEARED,""
TXN00000617,8508,Utility Bills,Google Pixel 7,Uttar Pradesh,ICICI Bank,3,1,0.328,0,CLEARED,""
TXN00000620,421,Food & Dining,Redmi Note 12,Tamil Nadu,Punjab National Bank,4,1,0.331,0,CLEARED,""
TXN00000034,1188,Food & Dining,Vivo V27,West Bengal,Union Bank,16,0,0.186,0,CLEARED,""
TXN00000341,6231,Food & Dining,Oppo Reno 10,West Bengal,Punjab National Bank,1,1,0.279,0,CLEARED,""
TXN00000270,584,Retail,iPhone 14,Tamil Nadu,HDFC Bank,13,0,0.334,0,CLEARED,""
TXN00000252,6102,E-commerce,Samsung Galaxy S23,Gujarat,Bank of Baroda,12,0,0.258,0,CLEARED,""
TXN00000412,1366,Gas Station,OnePlus 11,Tamil Nadu,Axis Bank,13,0,0.031,0,CLEARED,""
TXN00000607,2933,Healthcare,iPhone 14,Rajasthan,ICICI Bank,7,0,0.253,0,CLEARED,""
TXN00000104,1238,Travel,Google Pixel 7,Uttar Pradesh,SBI,19,0,0.197,0,CLEARED,""
TXN00000192,6276,Utility Bills,iPhone 14,Uttar Pradesh,Union Bank,3,1,0.019,0,CLEARED,""
TXN00000539,4532,Healthcare,Google Pixel 7,Tamil Nadu,Axis Bank,14,0,0.194,0,CLEARED,""
TXN00000483,3593,Healthcare,OnePlus 11,Maharashtra,Axis Bank,12,0,0.279,0,CLEARED,""
TXN00000505,1964,Travel,iPhone 14,Rajasthan,HDFC Bank,12,0,0.288,0,CLEARED,""
TXN00000296,2840,Travel,Vivo V27,Uttar Pradesh,SBI,21,0,0.133,0,CLEARED,""
TXN00000488,2293,Healthcare,Google Pixel 7,Telangana,SBI,15,0,0.235,0,CLEARED,""
TXN00000178,857,Healthcare,OnePlus 11,Tamil Nadu,Union Bank,10,0,0.281,0,CLEARED,""
TXN00000479,5944,Healthcare,iPhone 14,Uttar Pradesh,Union Bank,17,0,0.126,0,CLEARED,""
TXN00000627,611,Healthcare,Oppo Reno 10,Karnataka,Bank of Baroda,21,0,0.165,0,CLEARED,""
TXN00000100,7241,Gas Station,iPhone 14,Kerala,SBI,9,0,0.304,0,CLEARED,""
TXN00000117,177,Food & Dining,Redmi Note 12,Karnataka,HDFC Bank,19,0,0.188,0,CLEARED,""
TXN00000099,4449,Healthcare,Samsung Galaxy S23,Rajasthan,HDFC Bank,16,0,0.22,0,CLEARED,""
TXN00000429,4925,Utility Bills,Google Pixel 7,Maharashtra,HDFC Bank,5,1,0.335,0,CLEARED,""
TXN00000204,2184,Healthcare,Google Pixel 7,West Bengal,Axis Bank,17,0,0.159,0,CLEARED,""
TXN00000530,3093,Entertainment,OnePlus 11,Tamil Nadu,Union Bank,21,0,0.064,0,CLEARED,""
TXN00000289,7669,Retail,Oppo Reno 10,Gujarat,Axis Bank,0,1,0.301,0,CLEARED,""
TXN00000025,3997,Healthcare,iPhone 14,Karnataka,Kotak Mahindra,3,1,0.135,0,CLEARED,""
TXN00000404,1075,Utility Bills,Redmi Note 12,Rajasthan,Bank of Baroda,16,0,0.171,0,CLEARED,""
TXN00000221,2925,Gas Station,iPhone 14,Rajasthan,HDFC Bank,14,0,0.328,0,CLEARED,""
TXN00000632,206147,Travel,Oppo Reno 10,Maharashtra,Union Bank,17,0,0.7,1,FLAGGED,"new_device"
TXN00000083,5944,Entertainment,Vivo V27,Telangana,Bank of Baroda,14,0,0.162,0,CLEARED,""
TXN00000328,5506,Healthcare,Vivo V27,Maharashtra,Punjab National Bank,23,1,0.092,0,CLEARED,""
TXN00000049,5370,Food & Dining,Vivo V27,Karnataka,Kotak Mahindra,13,0,0.288,0,CLEARED,""
TXN00000240,3986,Food & Dining,Samsung Galaxy S23,West Bengal,SBI,21,0,0.08,0,CLEARED,""
TXN00000277,4824,E-commerce,OnePlus 11,Delhi,Punjab National Bank,5,1,0.311,0,CLEARED,""
TXN00000246,2303,Education,iPhone 14,Telangana,SBI,15,0,0.1,0,CLEARED,""
TXN00000185,320,E-commerce,Google Pixel 7,Karnataka,HDFC Bank,10,0,0.339,0,CLEARED,""
TXN00000499,3887,Retail,Redmi Note 12,Uttar Pradesh,Union Bank,11,0,0.155,0,CLEARED,""
TXN00000035,4894,Travel,OnePlus 11,Kerala,Axis Bank,8,0,0.281,0,CLEARED,""
TXN00000403,6032,Retail,Redmi Note 12,Gujarat,Axis Bank,4,1,0.133,0,CLEARED,""
TXN00000489,1088,Entertainment,Redmi Note 12,Maharashtra,Bank of Baroda,1,1,0.341,0,CLEARED,""
TXN00000425,1524,Utility Bills,Oppo Reno 10,Gujarat,Kotak Mahindra,1,1,0.282,0,CLEARED,""
TXN00000085,1173,Retail,iPhone 14,Maharashtra,SBI,19,0,0.294,0,CLEARED,""
TXN00000141,11516,Travel,Vivo V27,West Bengal,SBI,6,0,0.027,0,CLEARED,""
TXN00000408,2311,Gas Station,Google Pixel 7,Rajasthan,HDFC Bank,2,1,0.15,0,CLEARED,""
TXN00000528,1791,Healthcare,iPhone 14,Uttar Pradesh,Axis Bank,14,0,0.163,0,CLEARED,""
TXN00000208,2832,Entertainment,Oppo Reno 10,Kerala,ICICI Bank,11,0,0.075,0,CLEARED,""
TXN00000103,376,E-commerce,OnePlus 11,Telangana,Union Bank,12,0,0.121,0,CLEARED,""
TXN00000323,4569,Education,Vivo V27,Maharashtra,Union Bank,1,1,0.202,0,CLEARED,""
TXN00000569,1177,Retail,Vivo V27,Maharashtra,Kotak Mahindra,10,0,0.207,0,CLEARED,""
TXN00000578,1971,Entertainment,OnePlus 11,West Bengal,SBI,17,0,0.021,0,CLEARED,""
TXN00000072,3719,Utility Bills,Vivo V27,Rajasthan,SBI,1,1,0.039,0,CLEARED,""
TXN00000476,1644,Healthcare,iPhone 14,Gujarat,Union Bank,3,1,0.275,0,CLEARED,""
TXN00000339,4282,Food & Dining,Google Pixel 7,Telangana,HDFC Bank,22,1,0.11,0,CLEARED,""
TXN00000136,2657,Gas Station,OnePlus 11,Gujarat,HDFC Bank,10,0,0.118,0,CLEARED,""
TXN00000571,900,Food & Dining,OnePlus 11,West Bengal,HDFC Bank,12,0,0.082,0,CLEARED,""
TXN00000611,3724,Utility Bills,iPhone 14,Tamil Nadu,Kotak Mahindra,18,0,0.249,0,CLEARED,""
TXN00000110,285,Healthcare,OnePlus 11,Rajasthan,Union Bank,20,0,0.12,0,CLEARED,""
TXN00000443,526,Utility Bills,OnePlus 11,West Bengal,Union Bank,20,0,0.323,0,CLEARED,""
TXN00000460,1860,Healthcare,OnePlus 11,Delhi,Axis Bank,6,0,0.217,0,CLEARED,""
TXN00000411,5210,Food & Dining,Redmi Note 12,Telangana,HDFC Bank,12,0,0.122,0,CLEARED,""
TXN00000595,743,Gas Station,Vivo V27,Telangana,HDFC Bank,8,0,0.261,0,CLEARED,""
TXN00000079,1284,Utility Bills,Google Pixel 7,Maharashtra,Kotak Mahindra,10,0,0.25,0,CLEARED,""
TXN00000467,3061,Retail,Samsung Galaxy S23,Kerala,ICICI Bank,14,0,0.294,0,CLEARED,""
TXN00000265,50,Gas Station,OnePlus 11,Maharashtra,Bank of Baroda,6,0,0.174,0,CLEARED,""
TXN00000545,3574,Healthcare,Samsung Galaxy S23,Maharashtra,Bank of Baroda,1,1,0.324,0,CLEARED,""
TXN00000309,4953,Gas Station,Redmi Note 12,West Bengal,Bank of Baroda,5,1,0.259,0,CLEARED,""
TXN00000540,7229,E-commerce,OnePlus 11,West Bengal,ICICI Bank,22,1,0.214,0,CLEARED,""
TXN00000563,6009,Utility Bills,OnePlus 11,West Bengal,ICICI Bank,4,1,0.235,0,CLEARED,""
TXN00000367,6598,Retail,Vivo V27,Delhi,HDFC Bank,20,0,0.298,0,CLEARED,""
TXN00000279,3754,Entertainment,Google Pixel 7,Delhi,Bank of Baroda,17,0,0.299,0,CLEARED,""
TXN00000004,1614,Entertainment,Vivo V27,Rajasthan,Kotak Mahindra,3,1,0.281,0,CLEARED,""
TXN00000026,2739,Utility Bills,Samsung Galaxy S23,Kerala,Axis Bank,23,1,0.102,0,CLEARED,""
TXN00000048,847,Healthcare,Google Pixel 7,Rajasthan,ICICI Bank,12,0,0.039,0,CLEARED,""
TXN00000556,1470,Gas Station,Oppo Reno 10,Tamil Nadu,Kotak Mahindra,17,0,0.339,0,CLEARED,""
TXN00000008,4755,Travel,Oppo Reno 10,Karnataka,HDFC Bank,18,0,0.145,0,CLEARED,""
TXN00000231,3866,Travel,Oppo Reno 10,Uttar Pradesh,Bank of Baroda,22,1,0.236,0,CLEARED,""
TXN00000189,213,Travel,Redmi Note 12,Kerala,Kotak Mahindra,20,0,0.338,0,CLEARED,""
TXN00000417,1601,E-commerce,iPhone 14,Delhi,Kotak Mahindra,6,0,0.019,0,CLEARED,""
TXN00000334,1397,Entertainment,Redmi Note 12,Uttar Pradesh,Bank of Baroda,5,1,0.298,0,CLEARED,""
TXN00000645,32,Gas Station,iPhone 14,Karnataka,HDFC Bank,11,0,0.852,1,BLOCKED,"velocity_breach;unusual_time;new_device;high_amount"
TXN00000436,3200,Food & Dining,iPhone 14,Karnataka,Axis Bank,8,0,0.323,0,CLEARED,""
TXN00000165,6744,Entertainment,Samsung Galaxy S23,Karnataka,Bank of Baroda,9,0,0.204,0,CLEARED,""
TXN00000226,2116,E-commerce,iPhone 14,Telangana,Bank of Baroda,19,0,0.258,0,CLEARED,""
TXN00000562,2732,Entertainment,Vivo V27,Delhi,Kotak Mahindra,5,1,0.064,0,CLEARED,""
TXN00000092,3107,Healthcare,OnePlus 11,Maharashtra,ICICI Bank,11,0,0.256,0,CLEARED,""
TXN00000450,4798,Entertainment,iPhone 14,Maharashtra,Bank of Baroda,2,1,0.334,0,CLEARED,""
TXN00000039,1172,Retail,Vivo V27,Maharashtra,Union Bank,15,0,0.21,0,CLEARED,""
TXN00000168,8676,Gas Station,Redmi Note 12,West Bengal,SBI,18,0,0.106,0,CLEARED,""
TXN00000182,7713,E-commerce,Google Pixel 7,Kerala,Union Bank,5,1,0.062,0,CLEARED,""
TXN00000507,2646,Food & Dining,Vivo V27,Delhi,HDFC Bank,19,0,0.32,0,CLEARED,""
TXN00000329,2839,Healthcare,Google Pixel 7,Gujarat,Axis Bank,13,0,0.346,0,CLEARED,""
TXN00000455,6859,E-commerce,OnePlus 11,Telangana,HDFC Bank,18,0,0.111,0,CLEARED,""
TXN00000633,58,E-commerce,iPhone 14,West Bengal,Axis Bank,21,0,0.691,1,FLAGGED,"high_amount;multiple_attempts;unusual_time"
TXN00000173,2766,E-commerce,Vivo V27,Gujarat,SBI,19,0,0.2,0,CLEARED,""
TXN00000244,4281,Retail,iPhone 14,Gujarat,ICICI Bank,13,0,0.306,0,CLEARED,""
TXN00000152,2976,Gas Station,Redmi Note 12,Kerala,Punjab National Bank,8,0,0.317,0,CLEARED,""
TXN00000315,2052,E-commerce,Google Pixel 7,West Bengal,Axis Bank,7,0,0.314,0,CLEARED,""
TXN00000311,3672,Retail,Vivo V27,Kerala,ICICI Bank,23,1,0.327,0,CLEARED,""
TXN00000105,5849,Education,Google Pixel 7,Maharashtra,Kotak Mahindra,7,0,0.176,0,CLEARED,""
TXN00000145,1424,Education,Vivo V27,Uttar Pradesh,Axis Bank,15,0,0.25,0,CLEARED,""
TXN00000416,7729,Retail,iPhone 14,Kerala,Kotak Mahindra,8,0,0.189,0,CLEARED,""
TXN00000111,3713,Travel,Google Pixel 7,Tamil Nadu,Union Bank,7,0,0.286,0,CLEARED,""
TXN00000097,5460,Retail,OnePlus 11,Rajasthan,HDFC Bank,7,0,0.192,0,CLEARED,""
TXN00000376,3560,Retail,Google Pixel 7,Uttar Pradesh,Union Bank,15,0,0.025,0,CLEARED,""
TXN00000107,7082,Food & Dining,iPhone 14,Karnataka,Punjab National Bank,14,0,0.221,0,CLEARED,""
TXN00000502,1042,Entertainment,Redmi Note 12,Karnataka,Kotak Mahindra,20,0,0.254,0,CLEARED,""
TXN00000155,3616,Entertainment,OnePlus 11,Maharashtra,Bank of Baroda,2,1,0.101,0,CLEARED,""
TXN00000255,2594,Healthcare,Google Pixel 7,Delhi,Punjab National Bank,3,1,0.222,0,CLEARED,""
TXN00000459,2229,Education,OnePlus 11,Maharashtra,Axis Bank,15,0,0.014,0,CLEARED,""
TXN00000442,2999,Gas Station,Samsung Galaxy S23,Karnataka,HDFC Bank,9,0,0.284,0,CLEARED,""
TXN00000197,7926,Utility Bills,Google Pixel 7,Tamil Nadu,Axis Bank,15,0,0.16,0,CLEARED,""
TXN00000434,1611,E-commerce,Google Pixel 7,Tamil Nadu,Axis Bank,12,0,0.04,0,CLEARED,""
TXN00000550,1341,Utility Bills,Google Pixel 7,Delhi,HDFC Bank,11,0,0.023,0,CLEARED,""
TXN00000568,3031,Retail,iPhone 14,Delhi,Union Bank,14,0,0.018,0,CLEARED,""
TXN00000598,6928,Retail,Vivo V27,Uttar Pradesh,Axis Bank,21,0,0.229,0,CLEARED,""
TXN00000602,1664,Travel,Redmi Note 12,Uttar Pradesh,Punjab National Bank,17,0,0.249,0,CLEARED,""
TXN00000474,6663,Travel,Oppo Reno 10,Karnataka,Bank of Baroda,1,1,0.167,0,CLEARED,""
TXN00000344,885,Travel,Vivo V27,Tamil Nadu,HDFC Bank,12,0,0.162,0,CLEARED,""
TXN00000466,6779,Education,iPhone 14,Maharashtra,Union Bank,20,0,0.092,0,CLEARED,""
TXN00000206,6272,Education,iPhone 14,Tamil Nadu,SBI,11,0,0.276,0,CLEARED,""
TXN00000096,4259,Travel,OnePlus 11,Uttar Pradesh,Punjab National Bank,6,0,0.042,0,CLEARED,""
TXN00000347,1573,Gas Station,iPhone 14,Tamil Nadu,Union Bank,1,1,0.185,0,CLEARED,""
TXN00000370,4939,Entertainment,OnePlus 11,Telangana,Kotak Mahindra,22,1,0.334,0,CLEARED,""
TXN00000251,97,Gas Station,Redmi Note 12,Telangana,HDFC Bank,20,0,0.289,0,CLEARED,""
TXN00000582,11725,Travel,Oppo Reno 10,Delhi,Axis Bank,13,0,0.168,0,CLEARED,""
TXN00000158,8353,Healthcare,Vivo V27,Telangana,HDFC Bank,8,0,0.211,0,CLEARED,""
TXN00000616,8353,Travel,Google Pixel 7,Kerala,ICICI Bank,9,0,0.055,0,CLEARED,""
TXN00000546,3254,Gas Station,Samsung Galaxy S23,Kerala,ICICI Bank,6,0,0.191,0,CLEARED,""
TXN00000116,1609,Utility Bills,iPhone 14,Rajasthan,Axis Bank,14,0,0.287,0,CLEARED,""
TXN00000149,1219,E-commerce,Oppo Reno 10,Tamil Nadu,Axis Bank,0,1,0.097,0,CLEARED,""
TXN00000654,45,Travel,Google Pixel 7,Kerala,ICICI Bank,21,0,0.784,1,FLAGGED,"geo_mismatch;multiple_attempts"
TXN00000285,589,Education,Vivo V27,West Bengal,Bank of Baroda,18,0,0.332,0,CLEARED,""
TXN00000641,129,E-commerce,Vivo V27,Telangana,Axis Bank,13,0,0.802,1,FLAGGED,"velocity_breach;multiple_attempts;account_age"
TXN00000612,7630,Travel,Oppo Reno 10,Gujarat,Kotak Mahindra,21,0,0.206,0,CLEARED,""
TXN00000584,5213,Gas Station,Oppo Reno 10,Rajasthan,Punjab National Bank,8,0,0.255,0,CLEARED,""
TXN00000095,1842,Entertainment,Samsung Galaxy S23,Tamil Nadu,Axis Bank,14,0,0.078,0,CLEARED,""
TXN00000642,126,Utility Bills,Vivo V27,Uttar Pradesh,Bank of Baroda,12,0,0.787,1,FLAGGED,"new_device;merchant_risk;high_amount;geo_mismatch"
TXN00000609,2236,Education,Samsung Galaxy S23,Gujarat,Kotak Mahindra,16,0,0.243,0,CLEARED,""
TXN00000508,2043,Entertainment,iPhone 14,Kerala,Bank of Baroda,20,0,0.181,0,CLEARED,""
TXN00000297,3537,Retail,OnePlus 11,Uttar Pradesh,Axis Bank,12,0,0.125,0,CLEARED,""
TXN00000368,1857,E-commerce,OnePlus 11,Karnataka,HDFC Bank,2,1,0.257,0,CLEARED,""
TXN00000573,3141,Travel,Google Pixel 7,Tamil Nadu,Axis Bank,8,0,0.176,0,CLEARED,""
TXN00000576,3471,Retail,Samsung Galaxy S23,Tamil Nadu,Axis Bank,1,1,0.081,0,CLEARED,""
TXN00000555,1936,Travel,Oppo Reno 10,Kerala,Kotak Mahindra,17,0,0.071,0,CLEARED,""
TXN00000106,6051,Retail,OnePlus 11,Maharashtra,ICICI Bank,7,0,0.051,0,CLEARED,""
TXN00000637,305894,Healthcare,iPhone 14,Kerala,ICICI Bank,22,1,0.709,1,FLAGGED,"high_amount;geo_mismatch"
TXN00000650,50,E-commerce,OnePlus 11,Kerala,ICICI Bank,7,0,0.913,1,BLOCKED,"unusual_time"
TXN00000093,1820,Food & Dining,Redmi Note 12,Delhi,Bank of Baroda,0,1,0.332,0,CLEARED,""
TXN00000022,2485,Utility Bills,Samsung Galaxy S23,Gujarat,Union Bank,11,0,0.195,0,CLEARED,""
TXN00000424,3933,Travel,Vivo V27,Maharashtra,ICICI Bank,13,0,0.337,0,CLEARED,""
TXN00000080,3936,Gas Station,iPhone 14,Telangana,Axis Bank,7,0,0.237,0,CLEARED,""
TXN00000635,71,Gas Station,Samsung Galaxy S23,Gujarat,Axis Bank,19,0,0.755,1,FLAGGED,"high_amount"
TXN00000078,7518,Entertainment,Google Pixel 7,Rajasthan,Kotak Mahindra,10,0,0.257,0,CLEARED,""
TXN00000081,3166,Gas Station,Google Pixel 7,Tamil Nadu,Union Bank,15,0,0.224,0,CLEARED,""
TXN00000201,461,Entertainment,OnePlus 11,Gujarat,Bank of Baroda,2,1,0.132,0,CLEARED,""
TXN00000171,3515,E-commerce,iPhone 14,Telangana,ICICI Bank,6,0,0.128,0,CLEARED,""
TXN00000305,6396,Utility Bills,Oppo Reno 10,West Bengal,ICICI Bank,20,0,0.206,0,CLEARED,""
TXN00000340,8410,Education,OnePlus 11,Gujarat,Punjab National Bank,10,0,0.24,0,CLEARED,""
TXN00000551,909,Travel,Oppo Reno 10,Karnataka,Union Bank,15,0,0.066,0,CLEARED,""
TXN00000648,348080,Healthcare,Vivo V27,Telangana,Axis Bank,21,0,0.653,1,FLAGGED,"account_age;velocity_breach;new_device"
TXN00000042,4003,Travel,Google Pixel 7,West Bengal,Kotak Mahindra,3,1,0.088,0,CLEARED,""
TXN00000342,2367,Travel,OnePlus 11,Uttar Pradesh,Punjab National Bank,8,0,0.094,0,CLEARED,""
TXN00000435,1015,Education,Vivo V27,Gujarat,Axis Bank,23,1,0.307,0,CLEARED,""
TXN00000652,250320,E-commerce,Samsung Galaxy S23,Gujarat,Union Bank,0,1,0.933,1,BLOCKED,"account_age;high_amount"
TXN00000052,6323,Retail,Oppo Reno 10,Kerala,Axis Bank,10,0,0.234,0,CLEARED,""
TXN00000094,7755,Education,Redmi Note 12,Rajasthan,Punjab National Bank,22,1,0.093,0,CLEARED,""
TXN00000124,7489,Entertainment,OnePlus 11,Kerala,Kotak Mahindra,19,0,0.056,0,CLEARED,""
TXN00000314,4879,Education,Google Pixel 7,Delhi,Axis Bank,8,0,0.074,0,CLEARED,""
TXN00000439,2231,Retail,iPhone 14,Karnataka,Bank of Baroda,11,0,0.107,0,CLEARED,""
TXN00000656,418023,Travel,OnePlus 11,Rajasthan,Punjab National Bank,22,1,0.857,1,BLOCKED,"merchant_risk"
TXN00000108,1784,Travel,Oppo Reno 10,Uttar Pradesh,Kotak Mahindra,7,0,0.172,0,CLEARED,""
TXN00000017,8057,Retail,OnePlus 11,Gujarat,Bank of Baroda,18,0,0.016,0,CLEARED,""
TXN00000326,70,Travel,Redmi Note 12,Kerala,Axis Bank,21,0,0.327,0,CLEARED,""
TXN00000566,1980,Gas Station,iPhone 14,Maharashtra,HDFC Bank,7,0,0.32,0,CLEARED,""
TXN00000345,2513,Healthcare,OnePlus 11,Rajasthan,Kotak Mahindra,12,0,0.027,0,CLEARED,""
TXN00000313,4155,Retail,OnePlus 11,Gujarat,Union Bank,7,0,0.102,0,CLEARED,""
TXN00000062,3404,Gas Station,iPhone 14,Rajasthan,SBI,10,0,0.078,0,CLEARED,""
TXN00000651,180,Healthcare,Redmi Note 12,Kerala,Union Bank,10,0,0.708,1,FLAGGED,"high_amount;new_device"
TXN00000125,4033,Retail,Google Pixel 7,Maharashtra,Punjab National Bank,10,0,0.222,0,CLEARED,""
TXN00000343,9405,Retail,iPhone 14,West Bengal,Bank of Baroda,4,1,0.261,0,CLEARED,""
TXN00000038,5788,Entertainment,Oppo Reno 10,Karnataka,HDFC Bank,7,0,0.221,0,CLEARED,""
TXN00000239,129,Gas Station,OnePlus 11,Gujarat,Union Bank,9,0,0.119,0,CLEARED,""
TXN00000167,3665,Entertainment,Samsung Galaxy S23,Maharashtra,Axis Bank,23,1,0.116,0,CLEARED,""
TXN00000587,2765,E-commerce,Vivo V27,Tamil Nadu,SBI,6,0,0.246,0,CLEARED,""
TXN00000423,1414,Travel,Samsung Galaxy S23,Uttar Pradesh,Union Bank,16,0,0.155,0,CLEARED,""
TXN00000245,2841,Travel,Vivo V27,Uttar Pradesh,Punjab National Bank,7,0,0.06,0,CLEARED,""
TXN00000148,808,Entertainment,Vivo V27,Telangana,SBI,14,0,0.318,0,CLEARED,""
TXN00000515,1767,Food & Dining,Redmi Note 12,Gujarat,Union Bank,21,0,0.126,0,CLEARED,""
TXN00000430,6568,Education,Samsung Galaxy S23,Rajasthan,Union Bank,1,1,0.316,0,CLEARED,""
TXN00000144,781,Travel,Oppo Reno 10,Telangana,Axis Bank,3,1,0.311,0,CLEARED,""
TXN00000526,3177,Healthcare,OnePlus 11,Telangana,Kotak Mahindra,10,0,0.051,0,CLEARED,""
TXN00000513,1588,Gas Station,OnePlus 11,West Bengal,Axis Bank,22,1,0.298,0,CLEARED,""
TXN00000070,4493,Travel,OnePlus 11,Tamil Nadu,Punjab National Bank,12,0,0.253,0,CLEARED,""
TXN00000156,9598,Education,Samsung Galaxy S23,Tamil Nadu,Axis Bank,23,1,0.284,0,CLEARED,""
TXN00000271,4191,Education,Google Pixel 7,Rajasthan,SBI,5,1,0.075,0,CLEARED,""
TXN00000331,8233,Entertainment,iPhone 14,Delhi,Bank of Baroda,19,0,0.269,0,CLEARED,""
TXN00000084,1116,Travel,OnePlus 11,West Bengal,Bank of Baroda,18,0,0.061,0,CLEARED,""
TXN00000278,832,Retail,Samsung Galaxy S23,Tamil Nadu,ICICI Bank,2,1,0.026,0,CLEARED,""
TXN00000362,8804,Healthcare,Oppo Reno 10,Rajasthan,Union Bank,10,0,0.227,0,CLEARED,""
TXN00000374,3849,Gas Station,Google Pixel 7,Maharashtra,SBI,16,0,0.295,0,CLEARED,""
TXN00000237,2981,E-commerce,Samsung Galaxy S23,Maharashtra,ICICI Bank,13,0,0.313,0,CLEARED,""
TXN00000146,3380,Healthcare,Vivo V27,Tamil Nadu,Kotak Mahindra,15,0,0.292,0,CLEARED,""
TXN00000183,1065,Healthcare,Vivo V27,Maharashtra,Axis Bank,17,0,0.186,0,CLEARED,""
TXN00000461,3844,Utility Bills,Oppo Reno 10,Maharashtra,SBI,6,0,0.129,0,CLEARED,""
TXN00000517,4147,Retail,Redmi Note 12,Tamil Nadu,HDFC Bank,1,1,0.043,0,CLEARED,""
TXN00000267,3808,Food & Dining,OnePlus 11,Tamil Nadu,Bank of Baroda,16,0,0.252,0,CLEARED,""
TXN00000140,2374,Entertainment,Redmi Note 12,Maharashtra,Bank of Baroda,14,0,0.235,0,CLEARED,""
TXN00000462,3794,Gas Station,Samsung Galaxy S23,Rajasthan,Bank of Baroda,9,0,0.256,0,CLEARED,""
TXN00000059,1423,Retail,Redmi Note 12,Maharashtra,Axis Bank,21,0,0.184,0,CLEARED,""
TXN00000304,4640,E-commerce,Samsung Galaxy S23,Tamil Nadu,Bank of Baroda,22,1,0.058,0,CLEARED,""
TXN00000534,2369,Utility Bills,Oppo Reno 10,Uttar Pradesh,Union Bank,15,0,0.12,0,CLEARED,""
TXN00000478,177,Travel,Google Pixel 7,West Bengal,Bank of Baroda,19,0,0.337,0,CLEARED,""
TXN00000160,1622,Gas Station,OnePlus 11,West Bengal,Bank of Baroda,5,1,0.347,0,CLEARED,""
TXN00000660,143,Utility Bills,Vivo V27,Rajasthan,Union Bank,5,1,0.794,1,FLAGGED,"merchant_risk"
TXN00000119,6386,E-commerce,Redmi Note 12,Delhi,Axis Bank,13,0,0.146,0,CLEARED,""
TXN00000644,114,Travel,Vivo V27,Gujarat,ICICI Bank,13,0,0.849,1,FLAGGED,"new_device;unusual_time;multiple_attempts;geo_mismatch"
TXN00000659,355402,Education,iPhone 14,Telangana,SBI,20,0,0.687,1,FLAGGED,"merchant_risk;velocity_breach;new_device"
TXN00000473,9630,Entertainment,Google Pixel 7,Delhi,SBI,0,1,0.139,0,CLEARED,""
TXN00000536,5935,Gas Station,Samsung Galaxy S23,Delhi,Kotak Mahindra,17,0,0.109,0,CLEARED,""
TXN00000431,23,Entertainment,Vivo V27,Uttar Pradesh,HDFC Bank,4,1,0.247,0,CLEARED,""
TXN00000647,306942,Utility Bills,Vivo V27,Kerala,HDFC Bank,10,0,0.829,1,FLAGGED,"velocity_breach;merchant_risk;unusual_time;geo_mismatch"
TXN00000538,4737,Utility Bills,iPhone 14,Kerala,Axis Bank,12,0,0.198,0,CLEARED,""
TXN00000283,6595,E-commerce,Redmi Note 12,Kerala,ICICI Bank,5,1,0.248,0,CLEARED,""
TXN00000057,3907,Healthcare,Redmi Note 12,Telangana,Kotak Mahindra,14,0,0.324,0,CLEARED,""
TXN00000471,7678,Food & Dining,OnePlus 11,Rajasthan,HDFC Bank,23,1,0.173,0,CLEARED,""
TXN00000228,1329,Healthcare,OnePlus 11,Kerala,Punjab National Bank,20,0,0.033,0,CLEARED,""
TXN00000655,110,Healthcare,Redmi Note 12,West Bengal,ICICI Bank,11,0,0.981,1,BLOCKED,"account_age;velocity_breach;high_amount"
TXN00000172,4365,Utility Bills,iPhone 14,Karnataka,Axis Bank,12,0,0.182,0,CLEARED,""
TXN00000179,281,Healthcare,iPhone 14,Maharashtra,Kotak Mahindra,16,0,0.195,0,CLEARED,""
TXN00000336,2418,Food & Dining,OnePlus 11,West Bengal,HDFC Bank,21,0,0.189,0,CLEARED,""
TXN00000639,67,Travel,Vivo V27,Karnataka,Punjab National Bank,19,0,0.904,1,BLOCKED,"geo_mismatch"
TXN00000213,1409,Gas Station,OnePlus 11,Uttar Pradesh,HDFC Bank,7,0,0.015,0,CLEARED,""
TXN00000356,3144,Education,Samsung Galaxy S23,Delhi,ICICI Bank,9,0,0.046,0,CLEARED,""
TXN00000638,212692,Gas Station,Google Pixel 7,Karnataka,Axis Bank,11,0,0.725,1,FLAGGED,"velocity_breach;unusual_time;high_amount"
TXN00000636,291353,Education,Vivo V27,Rajasthan,HDFC Bank,3,1,0.691,1,FLAGGED,"multiple_attempts;new_device;unusual_time;merchant_risk"
TXN00000075,3806,Gas Station,Vivo V27,Delhi,Punjab National Bank,13,0,0.297,0,CLEARED,""
TXN00000241,4971,Education,Samsung Galaxy S23,Kerala,Axis Bank,9,0,0.067,0,CLEARED,""
TXN00000634,131,Food & Dining,iPhone 14,Rajasthan,Bank of Baroda,14,0,0.789,1,FLAGGED,"multiple_attempts;unusual_time;new_device;geo_mismatch"
TXN00000253,6013,Gas Station,Samsung Galaxy S23,Karnataka,HDFC Bank,13,0,0.324,0,CLEARED,""
TXN00000224,5517,Education,Google Pixel 7,West Bengal,Union Bank,15,0,0.298,0,CLEARED,""
TXN00000184,437,Utility Bills,Redmi Note 12,Kerala,ICICI Bank,10,0,0.073,0,CLEARED,""
TXN00000432,431,Retail,Samsung Galaxy S23,West Bengal,HDFC Bank,12,0,0.045,0,CLEARED,""
TXN00000055,1028,Retail,OnePlus 11,West Bengal,Punjab National Bank,10,0,0.342,0,CLEARED,""
TXN00000076,2252,Utility Bills,Oppo Reno 10,Delhi,HDFC Bank,8,0,0.323,0,CLEARED,""
TXN00000349,3769,Travel,Vivo V27,Gujarat,Punjab National Bank,15,0,0.021,0,CLEARED,""
TXN00000067,11,Food & Dining,iPhone 14,Delhi,HDFC Bank,7,0,0.245,0,CLEARED,""
TXN00000649,371992,Healthcare,Google Pixel 7,Telangana,ICICI Bank,10,0,0.852,1,BLOCKED,"new_device;unusual_time;high_amount;velocity_breach"
TXN00000480,92,Gas Station,OnePlus 11,Delhi,Axis Bank,13,0,0.313,0,CLEARED,""
TXN00000186,2292,Education,Google Pixel 7,Uttar Pradesh,Kotak Mahindra,6,0,0.298,0,CLEARED,""
TXN00000317,9166,E-commerce,iPhone 14,West Bengal,Punjab National Bank,20,0,0.17,0,CLEARED,""
TXN00000658,345104,Food & Dining,Samsung Galaxy S23,Tamil Nadu,Punjab National Bank,16,0,0.762,1,FLAGGED,"high_amount;velocity_breach;geo_mismatch;merchant_risk"
TXN00000191,3816,Utility Bills,Google Pixel 7,West Bengal,HDFC Bank,19,0,0.154,0,CLEARED,""
TXN00000248,1420,Retail,Google Pixel 7,Maharashtra,Bank of Baroda,18,0,0.178,0,CLEARED,""
TXN00000657,57,Education,OnePlus 11,West Bengal,ICICI Bank,12,0,0.89,1,BLOCKED,"merchant_risk;high_amount;unusual_time"
TXN00000377,2235,Entertainment,Vivo V27,Tamil Nadu,HDFC Bank,1,1,0.262,0,CLEARED,""
TXN00000640,167,Retail,Redmi Note 12,Gujarat,Union Bank,1,1,0.985,1,BLOCKED,"velocity_breach"
TXN00000646,101,Gas Station,Redmi Note 12,West Bengal,HDFC Bank,8,0,0.68,1,FLAGGED,"new_device;unusual_time;high_amount;geo_mismatch"
TXN00000350,7788,Entertainment,OnePlus 11,Uttar Pradesh,Axis Bank,12,0,0.12,0,CLEARED,""
TXN00000243,6005,Education,OnePlus 11,Gujarat,Bank of Baroda,18,0,0.125,0,CLEARED,""
TXN00000250,2823,Healthcare,Samsung Galaxy S23,Delhi,Kotak Mahindra,1,1,0.207,0,CLEARED,""
TXN00000259,4080,Healthcare,Samsung Galaxy S23,Maharashtra,SBI,8,0,0.303,0,CLEARED,""
TXN00000490,5653,Travel,iPhone 14,Delhi,Punjab National Bank,20,0,0.132,0,CLEARED,""
TXN00000210,4790,Healthcare,Vivo V27,Delhi,Union Bank,19,0,0.075,0,CLEARED,""
TXN00000643,71,Healthcare,iPhone 14,Telangana,HDFC Bank,19,0,0.94,1,BLOCKED,"unusual_time;geo_mismatch"
TXN00000475,5936,Travel,OnePlus 11,Telangana,Axis Bank,7,0,0.141,0,CLEARED,""
TXN00000007,3029,Retail,Samsung Galaxy S23,Karnataka,SBI,18,0,0.117,0,CLEARED,""
TXN00000653,279731,Utility Bills,iPhone 14,Karnataka,Punjab National Bank,1,1,0.75,1,FLAGGED,"velocity_breach;new_device;merchant_risk"
TXN00000327,5980,Education,Vivo V27,Telangana,Punjab National Bank,18,0,0.349,0,CLEARED,""